Indicator type,Indicator
FileHash-SHA256,04c8725890e6d6e295da852c47afa90629b08f281308dfa2002d37409b24fecf
FileHash-SHA256,4455ecc71cc373f158256963f1e605397185eb89061a33a1cab631cba0c6edc1
FileHash-SHA256,eba685abd63d2c7378f788aa5ca8e4f95f4b82b51347cb8818090ef54e8f7d29
FileHash-SHA256,c46a12c5272aabfb086dd8e0416d56cd1b65f1405ea94f8fb20de2c91e3fe9d2
FileHash-SHA256,1f0656e9ec37ac3de9bc739367306ef01852df35db7a5e34d19631c92be35b8d
FileHash-SHA256,093d7f4d2d86cb388b6ed771db2bd548e9e8bdb9b8e69d14516bbb84d9de824b
FileHash-SHA256,6f3d59feebc31f58eb17c1bbc87511e6268d008b8107287321a5ad92e2b8e8db
FileHash-SHA256,9b4b6d14785471339f85a98af8166b42352f796ce7c955e6abe84a1bbb17949d
FileHash-SHA256,ac3c4c755dcec2765dc8d60f0f850d5be116b253214f9fd3f24e0e01de97dc48
FileHash-SHA256,ad071d4e45a37941c711f31c6d96014e07ab9621dfdfbb7d72458c6ce5a414a7
URL,http://CRYPTEAR.SM
FileHash-MD5,f34d5f2d4577ed6d9ceec516c1f5a744
FileHash-MD5,e8e240c2aeb298bb9ceaedbb7bbf7ae0
FileHash-MD5,d02d012970aa164cad15c757d7e52994
FileHash-MD5,0eb98eb40c58f7935c45dcb8563cc851
FileHash-MD5,4c456600a568707ad869fe9725ea0a37
FileHash-SHA1,25eef16797a7cf4168938f9d372332d65356b6f7
